[{"name":"Abruzzo","id":1679},{"name":"Aosta Valley","id":1716},{"name":"Apulia","id":1688},{"name":"Basilicata","id":1706},{"name":"Benevento Province","id":1701},{"name":"Calabria","id":1703},{"name":"Campania","id":1669},{"name":"Emilia-Romagna","id":1773},{"name":"Friuli–Venezia Giulia","id":1756},{"name":"Lazio","id":1678},{"name":"Libero consorzio comunale di Agrigento","id":1727},{"name":"Libero consorzio comunale di Caltanissetta","id":1718},{"name":"Libero consorzio comunale di Enna","id":1723},{"name":"Libero consorzio comunale di Ragusa","id":1729},{"name":"Libero consorzio comunale di Siracusa","id":1667},{"name":"Libero consorzio comunale di Trapani","id":1733},{"name":"Liguria","id":1768},{"name":"Lombardy","id":1705},{"name":"Marche","id":1670},{"name":"Metropolitan City of Bari","id":1772},{"name":"Metropolitan City of Bologna","id":1684},{"name":"Metropolitan City of Cagliari","id":1682},{"name":"Metropolitan City of Catania","id":1766},{"name":"Metropolitan City of Florence","id":1680},{"name":"Metropolitan City of Genoa","id":1699},{"name":"Metropolitan City of Messina","id":1770},{"name":"Metropolitan City of Milan","id":1698},{"name":"Metropolitan City of Naples","id":1724},{"name":"Metropolitan City of Palermo","id":1668},{"name":"Metropolitan City of Reggio Calabria","id":1671},{"name":"Metropolitan City of Rome","id":1711},{"name":"Metropolitan City of Turin","id":1710},{"name":"Metropolitan City of Venice","id":1673},{"name":"Molise","id":1695},{"name":"Pesaro and Urbino Province","id":1693},{"name":"Piedmont","id":1702},{"name":"Province of Alessandria","id":1783},{"name":"Province of Ancona","id":1672},{"name":"Province of Ascoli Piceno","id":1681},{"name":"Province of Asti","id":1780},{"name":"Province of Avellino","id":1692},{"name":"Province of Barletta-Andria-Trani","id":1686},{"name":"Province of Belluno","id":1689},{"name":"Province of Bergamo","id":1704},{"name":"Province of Biella","id":1778},{"name":"Province of Brescia","id":1717},{"name":"Province of Brindisi","id":1714},{"name":"Province of Campobasso","id":1721},{"name":"Province of Carbonia-Iglesias","id":1730},{"name":"Province of Caserta","id":1731},{"name":"Province of Catanzaro","id":1728},{"name":"Province of Chieti","id":1739},{"name":"Province of Como","id":1740},{"name":"Province of Cosenza","id":1742},{"name":"Province of Cremona","id":1751},{"name":"Province of Crotone","id":1754}]